"Feature","Times_Selected","Selection_Frequency","Selection_Percent","Original_20"
"k__Bacteria|p__Firmicutes|c__Clostridia|o__Clostridiales|f__Peptostreptococcaceae|g__Peptostreptococcus|s__Peptostreptococcus_stomatis",200,1,100,TRUE
"k__Bacteria|p__Firmicutes|c__Negativicutes|o__Veillonellales|f__Veillonellaceae|g__Dialister|s__Dialister_pneumosintes",200,1,100,TRUE
"k__Bacteria|p__Fusobacteria|c__Fusobacteriia|o__Fusobacteriales|f__Fusobacteriaceae|g__Fusobacterium|s__Fusobacterium_nucleatum",200,1,100,TRUE
"k__Bacteria|p__Firmicutes|c__Bacilli|o__Lactobacillales|f__Streptococcaceae|g__Streptococcus|s__Streptococcus_salivarius",193,0.965,96.5,TRUE
"k__Bacteria|p__Firmicutes|c__Tissierellia|o__Tissierellales|f__Peptoniphilaceae|g__Parvimonas|s__Parvimonas_micra",185,0.925,92.5,TRUE
"k__Bacteria|p__Firmicutes|c__Clostridia|o__Clostridiales|f__Ruminococcaceae|g__Ruminococcus|s__Ruminococcus_bicirculans",119,0.595,59.5,TRUE
"k__Bacteria|p__Firmicutes|c__Clostridia|o__Clostridiales|f__Clostridiales_Family_XIII_Incertae_Sedis|g__Mogibacterium|s__Mogibacterium_timidum",117,0.585,58.5,TRUE
"k__Bacteria|p__Proteobacteria|c__Betaproteobacteria|o__Burkholderiales|f__Sutterellaceae|g__Turicimonas|s__Turicimonas_muris",117,0.585,58.5,TRUE
"k__Bacteria|p__Proteobacteria|c__Deltaproteobacteria|o__Desulfovibrionales|f__Desulfovibrionaceae|g__Bilophila|s__Bilophila_wadsworthia",116,0.58,58,TRUE
"k__Bacteria|p__Proteobacteria|c__Deltaproteobacteria|o__Desulfovibrionales|f__Desulfovibrionaceae|g__Desulfovibrio|s__Desulfovibrio_piger",113,0.565,56.5,TRUE
"k__Bacteria|p__Firmicutes|c__Clostridia|o__Clostridiales|f__Ruminococcaceae|g__Ruthenibacterium|s__Ruthenibacterium_lactatiformans",104,0.52,52,TRUE
"k__Bacteria|p__Firmicutes|c__Clostridia|o__Clostridiales|f__Lachnospiraceae|g__Anaerostipes|s__Anaerostipes_hadrus",102,0.51,51,TRUE
"k__Bacteria|p__Firmicutes|c__Clostridia|o__Clostridiales|f__Peptostreptococcaceae|g__Intestinibacter|s__Intestinibacter_bartlettii",97,0.485,48.5,TRUE
"k__Bacteria|p__Firmicutes|c__Clostridia|o__Clostridiales|f__Clostridiaceae|g__Hungatella|s__Hungatella_hathewayi",91,0.455,45.5,TRUE
"k__Bacteria|p__Firmicutes|c__Clostridia|o__Clostridiales|f__Lachnospiraceae|g__Blautia|s__Blautia_wexlerae",83,0.415,41.5,TRUE
"k__Bacteria|p__Firmicutes|c__Clostridia|o__Clostridiales|f__Oscillospiraceae|g__Oscillibacter|s__Oscillibacter_sp_CAG_241",78,0.39,39,TRUE
"k__Bacteria|p__Bacteroidetes|c__Bacteroidia|o__Bacteroidales|f__Bacteroidaceae|g__Bacteroides|s__Bacteroides_uniformis",77,0.385,38.5,TRUE
"k__Bacteria|p__Firmicutes|c__Clostridia|o__Clostridiales|f__Eubacteriaceae|g__Eubacterium|s__Eubacterium_hallii",77,0.385,38.5,TRUE
"k__Bacteria|p__Firmicutes|c__Clostridia|o__Clostridiales|f__Lachnospiraceae|g__Lachnospiraceae_unclassified|s__Eubacterium_rectale",75,0.375,37.5,TRUE
"k__Bacteria|p__Firmicutes|c__Clostridia|o__Clostridiales|f__Ruminococcaceae|g__Flavonifractor|s__Flavonifractor_plautii",61,0.305,30.5,TRUE
"k__Bacteria|p__Firmicutes|c__Clostridia|o__Clostridiales|f__Lachnospiraceae|g__Roseburia|s__Roseburia_intestinalis",59,0.295,29.5,FALSE
"k__Bacteria|p__Firmicutes|c__Bacilli|o__Bacillales|f__Bacillales_unclassified|g__Gemella|s__Gemella_morbillorum",54,0.27,27,FALSE
"k__Bacteria|p__Firmicutes|c__Erysipelotrichia|o__Erysipelotrichales|f__Erysipelotrichaceae|g__Solobacterium|s__Solobacterium_moorei",40,0.2,20,FALSE
"k__Bacteria|p__Firmicutes|c__Clostridia|o__Clostridiales|f__Eubacteriaceae|g__Eubacterium|s__Eubacterium_eligens",36,0.18,18,FALSE
"k__Bacteria|p__Proteobacteria|c__Proteobacteria_unclassified|o__Proteobacteria_unclassified|f__Proteobacteria_unclassified|g__Proteobacteria_unclassified|s__Proteobacteria_bacterium_CAG_139",35,0.175,17.5,FALSE
"k__Bacteria|p__Firmicutes|c__Clostridia|o__Clostridiales|f__Ruminococcaceae|g__Pseudoflavonifractor|s__Pseudoflavonifractor_sp_An184",34,0.17,17,FALSE
"k__Bacteria|p__Bacteroidetes|c__Bacteroidia|o__Bacteroidales|f__Porphyromonadaceae|g__Porphyromonas|s__Porphyromonas_asaccharolytica",29,0.145,14.5,FALSE
"k__Bacteria|p__Actinobacteria|c__Coriobacteriia|o__Coriobacteriales|f__Atopobiaceae|g__Olsenella|s__Olsenella_scatoligenes",25,0.125,12.5,FALSE
"k__Bacteria|p__Firmicutes|c__Clostridia|o__Clostridiales|f__Clostridiales_unclassified|g__Lawsonibacter|s__Lawsonibacter_asaccharolyticus",23,0.115,11.5,FALSE
"k__Bacteria|p__Bacteroidetes|c__Bacteroidia|o__Bacteroidales|f__Tannerellaceae|g__Parabacteroides|s__Parabacteroides_merdae",22,0.11,11,FALSE
"k__Bacteria|p__Firmicutes|c__Bacilli|o__Lactobacillales|f__Streptococcaceae|g__Streptococcus|s__Streptococcus_sp_A12",22,0.11,11,FALSE
"k__Bacteria|p__Firmicutes|c__Clostridia|o__Clostridiales|f__Clostridiaceae|g__Clostridium|s__Clostridium_sp_CAG_58",22,0.11,11,FALSE
"k__Bacteria|p__Firmicutes|c__Clostridia|o__Clostridiales|f__Ruminococcaceae|g__Anaeromassilibacillus|s__Anaeromassilibacillus_sp_An250",21,0.105,10.5,FALSE
"k__Bacteria|p__Firmicutes|c__Clostridia|o__Clostridiales|f__Lachnospiraceae|g__Lachnoclostridium|s__Clostridium_symbiosum",19,0.095,9.5,FALSE
"k__Bacteria|p__Bacteroidetes|c__Bacteroidia|o__Bacteroidales|f__Bacteroidaceae|g__Bacteroides|s__Bacteroides_fragilis",18,0.09,9,FALSE
"k__Bacteria|p__Firmicutes|c__Clostridia|o__Clostridiales|f__Ruminococcaceae|g__Ruminococcaceae_unclassified|s__Ruminococcaceae_bacterium_D5",16,0.08,8,FALSE
"k__Bacteria|p__Bacteroidetes|c__Bacteroidia|o__Bacteroidales|f__Rikenellaceae|g__Alistipes|s__Alistipes_putredinis",15,0.075,7.5,FALSE
"k__Bacteria|p__Proteobacteria|c__Gammaproteobacteria|o__Enterobacterales|f__Enterobacteriaceae|g__Escherichia|s__Escherichia_coli",15,0.075,7.5,FALSE
"k__Bacteria|p__Firmicutes|c__Clostridia|o__Clostridiales|f__Lachnospiraceae|g__Lachnoclostridium|s__Lachnoclostridium_sp_An138",14,0.07,7,FALSE
"k__Bacteria|p__Actinobacteria|c__Actinobacteria|o__Actinomycetales|f__Actinomycetaceae|g__Actinomyces|s__Actinomyces_sp_oral_taxon_181",11,0.055,5.5,FALSE
"k__Bacteria|p__Actinobacteria|c__Coriobacteriia|o__Coriobacteriales|f__Atopobiaceae|g__Atopobium|s__Atopobium_parvulum",9,0.045,4.5,FALSE
"k__Bacteria|p__Firmicutes|c__Clostridia|o__Clostridiales|f__Lachnospiraceae|g__Coprococcus|s__Coprococcus_catus",8,0.04,4,FALSE
"k__Bacteria|p__Firmicutes|c__Negativicutes|o__Selenomonadales|f__Selenomonadaceae|g__Mitsuokella|s__Mitsuokella_jalaludinii",7,0.035,3.5,FALSE
"k__Bacteria|p__Bacteroidetes|c__Bacteroidia|o__Bacteroidales|f__Rikenellaceae|g__Alistipes|s__Alistipes_finegoldii",6,0.03,3,FALSE
"k__Bacteria|p__Bacteroidetes|c__Bacteroidia|o__Bacteroidales|f__Rikenellaceae|g__Alistipes|s__Alistipes_inops",6,0.03,3,FALSE
"k__Bacteria|p__Firmicutes|c__Clostridia|o__Clostridiales|f__Clostridiales_unclassified|g__Intestinimonas|s__Intestinimonas_butyriciproducens",6,0.03,3,FALSE
"k__Bacteria|p__Bacteroidetes|c__Bacteroidia|o__Bacteroidales|f__Bacteroidaceae|g__Bacteroides|s__Bacteroides_xylanisolvens",5,0.025,2.5,FALSE
"k__Bacteria|p__Firmicutes|c__Bacilli|o__Bacillales|f__Bacillales_unclassified|g__Gemella|s__Gemella_haemolysans",5,0.025,2.5,FALSE
"k__Bacteria|p__Firmicutes|c__Bacilli|o__Lactobacillales|f__Streptococcaceae|g__Streptococcus|s__Streptococcus_parasanguinis",5,0.025,2.5,FALSE
"k__Bacteria|p__Firmicutes|c__Clostridia|o__Clostridiales|f__Lachnospiraceae|g__Anaerotignum|s__Anaerotignum_lactatifermentans",5,0.025,2.5,FALSE
"k__Bacteria|p__Firmicutes|c__Clostridia|o__Clostridiales|f__Lachnospiraceae|g__Blautia|s__Blautia_sp_CAG_257",5,0.025,2.5,FALSE
"k__Bacteria|p__Firmicutes|c__Negativicutes|o__Selenomonadales|f__Selenomonadaceae|g__Mitsuokella|s__Mitsuokella_multacida",5,0.025,2.5,FALSE
"k__Bacteria|p__Bacteroidetes|c__Bacteroidia|o__Bacteroidales|f__Tannerellaceae|g__Parabacteroides|s__Parabacteroides_goldsteinii",4,0.02,2,FALSE
"k__Bacteria|p__Bacteroidetes|c__Bacteroidia|o__Bacteroidales|f__Odoribacteraceae|g__Odoribacter|s__Odoribacter_splanchnicus",3,0.015,1.5,FALSE
"k__Bacteria|p__Firmicutes|c__Clostridia|o__Clostridiales|f__Lachnospiraceae|g__Blautia|s__Blautia_producta",3,0.015,1.5,FALSE
"k__Bacteria|p__Firmicutes|c__Firmicutes_unclassified|o__Firmicutes_unclassified|f__Firmicutes_unclassified|g__Firmicutes_unclassified|s__Firmicutes_bacterium_CAG_170",3,0.015,1.5,FALSE
"k__Bacteria|p__Synergistetes|c__Synergistia|o__Synergistales|f__Synergistaceae|g__Fretibacterium|s__Fretibacterium_fastidiosum",3,0.015,1.5,FALSE
"k__Bacteria|p__Actinobacteria|c__Actinobacteria|o__Bifidobacteriales|f__Bifidobacteriaceae|g__Bifidobacterium|s__Bifidobacterium_adolescentis",2,0.01,1,FALSE
"k__Bacteria|p__Actinobacteria|c__Coriobacteriia|o__Coriobacteriales|f__Coriobacteriaceae|g__Collinsella|s__Collinsella_intestinalis",2,0.01,1,FALSE
"k__Bacteria|p__Bacteroidetes|c__Bacteroidia|o__Bacteroidales|f__Bacteroidaceae|g__Bacteroides|s__Bacteroides_clarus",2,0.01,1,FALSE
"k__Bacteria|p__Firmicutes|c__Bacilli|o__Lactobacillales|f__Streptococcaceae|g__Streptococcus|s__Streptococcus_australis",2,0.01,1,FALSE
"k__Bacteria|p__Firmicutes|c__Bacilli|o__Lactobacillales|f__Streptococcaceae|g__Streptococcus|s__Streptococcus_sanguinis",2,0.01,1,FALSE
"k__Bacteria|p__Firmicutes|c__Clostridia|o__Clostridiales|f__Eubacteriaceae|g__Eubacterium|s__Eubacterium_sp_CAG_251",2,0.01,1,FALSE
"k__Bacteria|p__Firmicutes|c__Clostridia|o__Clostridiales|f__Eubacteriaceae|g__Eubacterium|s__Eubacterium_sp_CAG_274",2,0.01,1,FALSE
"k__Bacteria|p__Firmicutes|c__Clostridia|o__Clostridiales|f__Eubacteriaceae|g__Eubacterium|s__Eubacterium_ventriosum",2,0.01,1,FALSE
"k__Bacteria|p__Firmicutes|c__Clostridia|o__Clostridiales|f__Lachnospiraceae|g__Dorea|s__Dorea_formicigenerans",2,0.01,1,FALSE
"k__Bacteria|p__Firmicutes|c__Clostridia|o__Clostridiales|f__Lachnospiraceae|g__Lachnoclostridium|s__Clostridium_scindens",2,0.01,1,FALSE
"k__Bacteria|p__Firmicutes|c__Clostridia|o__Clostridiales|f__Ruminococcaceae|g__Ruminococcaceae_unclassified|s__Eubacterium_siraeum",2,0.01,1,FALSE
"k__Bacteria|p__Firmicutes|c__Clostridia|o__Clostridiales|f__Ruminococcaceae|g__Ruminococcus|s__Ruminococcus_bromii",2,0.01,1,FALSE
"k__Bacteria|p__Firmicutes|c__Negativicutes|o__Acidaminococcales|f__Acidaminococcaceae|g__Phascolarctobacterium|s__Phascolarctobacterium_sp_CAG_266",2,0.01,1,FALSE
"k__Bacteria|p__Actinobacteria|c__Actinobacteria|o__Actinomycetales|f__Actinomycetaceae|g__Actinomyces|s__Actinomyces_naeslundii",1,0.005,0.5,FALSE
"k__Bacteria|p__Actinobacteria|c__Actinobacteria|o__Bifidobacteriales|f__Bifidobacteriaceae|g__Aeriscardovia|s__Aeriscardovia_aeriphila",1,0.005,0.5,FALSE
"k__Bacteria|p__Actinobacteria|c__Coriobacteriia|o__Eggerthellales|f__Eggerthellaceae|g__Eggerthella|s__Eggerthella_lenta",1,0.005,0.5,FALSE
"k__Bacteria|p__Actinobacteria|c__Coriobacteriia|o__Eggerthellales|f__Eggerthellaceae|g__Gordonibacter|s__Gordonibacter_pamelaeae",1,0.005,0.5,FALSE
"k__Bacteria|p__Bacteroidetes|c__Bacteroidia|o__Bacteroidales|f__Bacteroidaceae|g__Bacteroides|s__Bacteroides_cellulosilyticus",1,0.005,0.5,FALSE
"k__Bacteria|p__Bacteroidetes|c__Bacteroidia|o__Bacteroidales|f__Bacteroidaceae|g__Bacteroides|s__Bacteroides_dorei",1,0.005,0.5,FALSE
"k__Bacteria|p__Bacteroidetes|c__Bacteroidia|o__Bacteroidales|f__Bacteroidaceae|g__Bacteroides|s__Bacteroides_finegoldii",1,0.005,0.5,FALSE
"k__Bacteria|p__Bacteroidetes|c__Bacteroidia|o__Bacteroidales|f__Barnesiellaceae|g__Coprobacter|s__Coprobacter_secundus",1,0.005,0.5,FALSE
"k__Bacteria|p__Bacteroidetes|c__Bacteroidia|o__Bacteroidales|f__Tannerellaceae|g__Parabacteroides|s__Parabacteroides_distasonis",1,0.005,0.5,FALSE
"k__Bacteria|p__Bacteroidetes|c__Bacteroidia|o__Bacteroidales|f__Tannerellaceae|g__Parabacteroides|s__Parabacteroides_sp_CAG_409",1,0.005,0.5,FALSE
"k__Bacteria|p__Firmicutes|c__Bacilli|o__Bacillales|f__Bacillales_unclassified|g__Gemella|s__Gemella_sanguinis",1,0.005,0.5,FALSE
"k__Bacteria|p__Firmicutes|c__Bacilli|o__Lactobacillales|f__Streptococcaceae|g__Streptococcus|s__Streptococcus_anginosus_group",1,0.005,0.5,FALSE
"k__Bacteria|p__Firmicutes|c__Bacilli|o__Lactobacillales|f__Streptococcaceae|g__Streptococcus|s__Streptococcus_oralis",1,0.005,0.5,FALSE
"k__Bacteria|p__Firmicutes|c__Bacilli|o__Lactobacillales|f__Streptococcaceae|g__Streptococcus|s__Streptococcus_thermophilus",1,0.005,0.5,FALSE
"k__Bacteria|p__Firmicutes|c__Clostridia|o__Clostridiales|f__Clostridiaceae|g__Clostridium|s__Clostridium_sp_CAG_242",1,0.005,0.5,FALSE
"k__Bacteria|p__Firmicutes|c__Clostridia|o__Clostridiales|f__Clostridiales_Family_XIII_Incertae_Sedis|g__Clostridiales_Family_XIII_Incertae_Sedis_unclassified|s__Eubacterium_brachy",1,0.005,0.5,FALSE
"k__Bacteria|p__Firmicutes|c__Clostridia|o__Clostridiales|f__Clostridiales_Family_XIII_Incertae_Sedis|g__Clostridiales_Family_XIII_Incertae_Sedis_unclassified|s__Eubacterium_nodatum",1,0.005,0.5,FALSE
"k__Bacteria|p__Firmicutes|c__Clostridia|o__Clostridiales|f__Lachnospiraceae|g__Fusicatenibacter|s__Fusicatenibacter_saccharivorans",1,0.005,0.5,FALSE
"k__Bacteria|p__Firmicutes|c__Clostridia|o__Clostridiales|f__Lachnospiraceae|g__Lachnoclostridium|s__Lachnoclostridium_sp_An131",1,0.005,0.5,FALSE
"k__Bacteria|p__Firmicutes|c__Clostridia|o__Clostridiales|f__Lachnospiraceae|g__Roseburia|s__Roseburia_sp_CAG_182",1,0.005,0.5,FALSE
