"Repeat","OuterFold","Model","N_OuterTrain","N_OuterVal","N_Selected_Features","AUC","Accuracy","Sensitivity","Specificity","Precision","F1","MCC"
1,1,"BinaryLogistic",83,9,13,1,0.888888888888889,1,0.8,0.8,0.888888888888889,0.8
1,1,"RandomForest",83,9,13,1,1,1,1,1,1,1
1,1,"SVM",83,9,13,0.7,0.666666666666667,0.5,0.8,0.666666666666667,0.571428571428572,0.316227766016838
1,1,"XGBoost",83,9,13,1,0.888888888888889,1,0.8,0.8,0.888888888888889,0.8
1,2,"BinaryLogistic",83,9,18,0.7,0.555555555555556,0.75,0.4,0.5,0.6,0.158113883008419
1,2,"RandomForest",83,9,18,0.55,0.555555555555556,0.5,0.6,0.5,0.5,0.1
1,2,"SVM",83,9,18,0.6,0.444444444444444,0.5,0.4,0.4,0.444444444444444,-0.1
1,2,"XGBoost",83,9,18,0.65,0.444444444444444,0.5,0.4,0.4,0.444444444444444,-0.1
1,3,"BinaryLogistic",83,9,19,0.55,0.555555555555556,0.5,0.6,0.5,0.5,0.1
1,3,"RandomForest",83,9,19,0.95,0.888888888888889,1,0.8,0.8,0.888888888888889,0.8
1,3,"SVM",83,9,19,0.7,0.444444444444444,0.25,0.6,0.333333333333333,0.285714285714286,-0.158113883008419
1,3,"XGBoost",83,9,19,0.7,0.555555555555556,0.5,0.6,0.5,0.5,0.1
1,4,"BinaryLogistic",82,10,21,0.5,0.5,0.2,0.8,0.5,0.285714285714286,0
1,4,"RandomForest",82,10,21,0.52,0.6,0.2,1,1,0.333333333333333,0.333333333333333
1,4,"SVM",82,10,21,0.52,0.5,0.2,0.8,0.5,0.285714285714286,0
1,4,"XGBoost",82,10,21,0.64,0.7,0.4,1,1,0.571428571428572,0.5
1,5,"BinaryLogistic",83,9,17,0.9,0.777777777777778,1,0.6,0.666666666666667,0.8,0.632455532033676
1,5,"RandomForest",83,9,17,0.9,0.777777777777778,1,0.6,0.666666666666667,0.8,0.632455532033676
1,5,"SVM",83,9,17,0.6,0.555555555555556,0.75,0.4,0.5,0.6,0.158113883008419
1,5,"XGBoost",83,9,17,0.9,0.666666666666667,0.75,0.6,0.6,0.666666666666667,0.35
1,6,"BinaryLogistic",82,10,14,0.84,0.9,0.8,1,1,0.888888888888889,0.816496580927726
1,6,"RandomForest",82,10,14,0.68,0.7,0.6,0.8,0.75,0.666666666666667,0.408248290463863
1,6,"SVM",82,10,14,0.68,0.6,0.6,0.6,0.6,0.6,0.2
1,6,"XGBoost",82,10,14,0.72,0.7,0.6,0.8,0.75,0.666666666666667,0.408248290463863
1,7,"BinaryLogistic",83,9,15,0.8,0.666666666666667,0.75,0.6,0.6,0.666666666666667,0.35
1,7,"RandomForest",83,9,15,1,0.888888888888889,0.75,1,1,0.857142857142857,0.790569415042095
1,7,"SVM",83,9,15,0.65,0.666666666666667,0.75,0.6,0.6,0.666666666666667,0.35
1,7,"XGBoost",83,9,15,0.8,0.777777777777778,1,0.6,0.666666666666667,0.8,0.632455532033676
1,8,"BinaryLogistic",83,9,18,0.7,0.555555555555556,0.6,0.5,0.6,0.6,0.1
1,8,"RandomForest",83,9,18,0.75,0.666666666666667,0.6,0.75,0.75,0.666666666666667,0.35
1,8,"SVM",83,9,18,0.5,0.555555555555556,0.6,0.5,0.6,0.6,0.1
1,8,"XGBoost",83,9,18,0.7,0.666666666666667,0.6,0.75,0.75,0.666666666666667,0.35
1,9,"BinaryLogistic",83,9,21,0.875,0.888888888888889,0.75,1,1,0.857142857142857,0.790569415042095
1,9,"RandomForest",83,9,21,0.6,0.666666666666667,0.5,0.8,0.666666666666667,0.571428571428572,0.316227766016838
1,9,"SVM",83,9,21,0.5,0.444444444444444,0.25,0.6,0.333333333333333,0.285714285714286,-0.158113883008419
1,9,"XGBoost",83,9,21,0.7,0.666666666666667,0.5,0.8,0.666666666666667,0.571428571428572,0.316227766016838
1,10,"BinaryLogistic",83,9,13,0.525,0.555555555555556,0.25,0.8,0.5,0.333333333333333,0.0597614304667197
1,10,"RandomForest",83,9,13,1,1,1,1,1,1,1
1,10,"SVM",83,9,13,0.75,0.666666666666667,0.5,0.8,0.666666666666667,0.571428571428572,0.316227766016838
1,10,"XGBoost",83,9,13,1,1,1,1,1,1,1
2,1,"BinaryLogistic",83,9,16,0.85,0.888888888888889,0.75,1,1,0.857142857142857,0.790569415042095
2,1,"RandomForest",83,9,16,1,1,1,1,1,1,1
2,1,"SVM",83,9,16,0.95,0.777777777777778,0.75,0.8,0.75,0.75,0.55
2,1,"XGBoost",83,9,16,0.7,0.555555555555556,0.5,0.6,0.5,0.5,0.1
2,2,"BinaryLogistic",83,9,17,0.575,0.555555555555556,0.75,0.4,0.5,0.6,0.158113883008419
2,2,"RandomForest",83,9,17,1,0.666666666666667,1,0.4,0.571428571428571,0.727272727272727,0.478091443733757
2,2,"SVM",83,9,17,0.55,0.555555555555556,1,0.2,0.5,0.666666666666667,0.316227766016838
2,2,"XGBoost",83,9,17,0.75,0.444444444444444,0.75,0.2,0.428571428571429,0.545454545454545,-0.0597614304667197
2,3,"BinaryLogistic",83,9,17,0.575,0.555555555555556,0.75,0.4,0.5,0.6,0.158113883008419
2,3,"RandomForest",83,9,17,0.8,0.666666666666667,0.75,0.6,0.6,0.666666666666667,0.35
2,3,"SVM",83,9,17,0.5,0.444444444444444,0.5,0.4,0.4,0.444444444444444,-0.1
2,3,"XGBoost",83,9,17,0.5,0.555555555555556,0.5,0.6,0.5,0.5,0.1
2,4,"BinaryLogistic",82,10,19,0.6,0.6,0.6,0.6,0.6,0.6,0.2
2,4,"RandomForest",82,10,19,0.68,0.8,0.6,1,1,0.75,0.654653670707977
2,4,"SVM",82,10,19,0.44,0.4,0.4,0.4,0.4,0.4,-0.2
2,4,"XGBoost",82,10,19,0.68,0.7,0.6,0.8,0.75,0.666666666666667,0.408248290463863
2,5,"BinaryLogistic",83,9,15,0.525,0.555555555555556,0.25,0.8,0.5,0.333333333333333,0.0597614304667197
2,5,"RandomForest",83,9,15,0.8,0.666666666666667,0.5,0.8,0.666666666666667,0.571428571428572,0.316227766016838
2,5,"SVM",83,9,15,0.6,0.555555555555556,0.5,0.6,0.5,0.5,0.1
2,5,"XGBoost",83,9,15,0.6,0.666666666666667,0.5,0.8,0.666666666666667,0.571428571428572,0.316227766016838
2,6,"BinaryLogistic",83,9,19,0.875,0.888888888888889,0.75,1,1,0.857142857142857,0.790569415042095
2,6,"RandomForest",83,9,19,1,0.888888888888889,1,0.8,0.8,0.888888888888889,0.8
2,6,"SVM",83,9,19,1,0.888888888888889,1,0.8,0.8,0.888888888888889,0.8
2,6,"XGBoost",83,9,19,1,0.888888888888889,1,0.8,0.8,0.888888888888889,0.8
2,7,"BinaryLogistic",83,9,21,0.775,0.777777777777778,0.75,0.8,0.75,0.75,0.55
2,7,"RandomForest",83,9,21,0.45,0.666666666666667,0.25,1,1,0.4,0.395284707521047
2,7,"SVM",83,9,21,0.8,0.555555555555556,0,1,NA,NA,NA
2,7,"XGBoost",83,9,21,0.6,0.777777777777778,0.5,1,1,0.666666666666667,0.597614304667197
2,8,"BinaryLogistic",82,10,16,0.4,0.4,0.2,0.6,0.333333333333333,0.25,-0.218217890235992
2,8,"RandomForest",82,10,16,0.68,0.6,0.4,0.8,0.666666666666667,0.5,0.218217890235992
2,8,"SVM",82,10,16,0.44,0.5,0.4,0.6,0.5,0.444444444444444,0
2,8,"XGBoost",82,10,16,0.56,0.7,0.6,0.8,0.75,0.666666666666667,0.408248290463863
2,9,"BinaryLogistic",82,10,16,0.96,0.8,1,0.6,0.714285714285714,0.833333333333333,0.654653670707977
2,9,"RandomForest",82,10,16,0.92,0.8,1,0.6,0.714285714285714,0.833333333333333,0.654653670707977
2,9,"SVM",82,10,16,0.84,0.7,0.8,0.6,0.666666666666667,0.727272727272727,0.408248290463863
2,9,"XGBoost",82,10,16,0.96,0.9,1,0.8,0.833333333333333,0.909090909090909,0.816496580927726
2,10,"BinaryLogistic",84,8,14,0.875,0.875,0.75,1,1,0.857142857142857,0.774596669241483
2,10,"RandomForest",84,8,14,0.6875,0.75,0.5,1,1,0.666666666666667,0.577350269189626
2,10,"SVM",84,8,14,0.875,0.875,0.75,1,1,0.857142857142857,0.774596669241483
2,10,"XGBoost",84,8,14,0.875,0.75,0.5,1,1,0.666666666666667,0.577350269189626
3,1,"BinaryLogistic",83,9,14,0.35,0.555555555555556,0.75,0.4,0.5,0.6,0.158113883008419
3,1,"RandomForest",83,9,14,0.75,0.777777777777778,0.75,0.8,0.75,0.75,0.55
3,1,"SVM",83,9,14,0.75,0.666666666666667,0.75,0.6,0.6,0.666666666666667,0.35
3,1,"XGBoost",83,9,14,0.7,0.666666666666667,0.75,0.6,0.6,0.666666666666667,0.35
3,2,"BinaryLogistic",83,9,17,0.7,0.666666666666667,1,0.4,0.571428571428571,0.727272727272727,0.478091443733757
3,2,"RandomForest",83,9,17,0.575,0.555555555555556,0.25,0.8,0.5,0.333333333333333,0.0597614304667197
3,2,"SVM",83,9,17,0.75,0.555555555555556,0.75,0.4,0.5,0.6,0.158113883008419
3,2,"XGBoost",83,9,17,0.45,0.555555555555556,0.5,0.6,0.5,0.5,0.1
3,3,"BinaryLogistic",83,9,13,0.675,0.666666666666667,0.75,0.6,0.6,0.666666666666667,0.35
3,3,"RandomForest",83,9,13,0.7,0.666666666666667,0.75,0.6,0.6,0.666666666666667,0.35
3,3,"SVM",83,9,13,0.55,0.444444444444444,0.75,0.2,0.428571428571429,0.545454545454545,-0.0597614304667197
3,3,"XGBoost",83,9,13,0.35,0.444444444444444,0.5,0.4,0.4,0.444444444444444,-0.1
3,4,"BinaryLogistic",82,10,18,0.8,0.8,0.8,0.8,0.8,0.8,0.6
3,4,"RandomForest",82,10,18,0.92,0.8,0.8,0.8,0.8,0.8,0.6
3,4,"SVM",82,10,18,0.8,0.7,0.8,0.6,0.666666666666667,0.727272727272727,0.408248290463863
3,4,"XGBoost",82,10,18,0.76,0.6,0.8,0.4,0.571428571428571,0.666666666666667,0.218217890235992
3,5,"BinaryLogistic",83,9,15,0.625,0.666666666666667,0.25,1,1,0.4,0.395284707521047
3,5,"RandomForest",83,9,15,0.875,0.666666666666667,0.25,1,1,0.4,0.395284707521047
3,5,"SVM",83,9,15,0.65,0.555555555555556,0.25,0.8,0.5,0.333333333333333,0.0597614304667197
3,5,"XGBoost",83,9,15,1,0.888888888888889,1,0.8,0.8,0.888888888888889,0.8
3,6,"BinaryLogistic",83,9,19,0.575,0.555555555555556,0.75,0.4,0.5,0.6,0.158113883008419
3,6,"RandomForest",83,9,19,1,0.888888888888889,1,0.8,0.8,0.888888888888889,0.8
3,6,"SVM",83,9,19,0.75,0.555555555555556,0.75,0.4,0.5,0.6,0.158113883008419
3,6,"XGBoost",83,9,19,1,0.888888888888889,1,0.8,0.8,0.888888888888889,0.8
3,7,"BinaryLogistic",83,9,17,1,0.888888888888889,1,0.8,0.8,0.888888888888889,0.8
3,7,"RandomForest",83,9,17,1,1,1,1,1,1,1
3,7,"SVM",83,9,17,1,0.555555555555556,1,0.2,0.5,0.666666666666667,0.316227766016838
3,7,"XGBoost",83,9,17,0.85,0.888888888888889,0.75,1,1,0.857142857142857,0.790569415042095
3,8,"BinaryLogistic",82,10,18,0.6,0.6,0.6,0.6,0.6,0.6,0.2
3,8,"RandomForest",82,10,18,1,0.8,0.6,1,1,0.75,0.654653670707977
3,8,"SVM",82,10,18,0.52,0.5,0.4,0.6,0.5,0.444444444444444,0
3,8,"XGBoost",82,10,18,0.72,0.6,0.4,0.8,0.666666666666667,0.5,0.218217890235992
3,9,"BinaryLogistic",83,9,18,0.75,0.777777777777778,0.5,1,1,0.666666666666667,0.597614304667197
3,9,"RandomForest",83,9,18,0.75,0.666666666666667,0.5,0.8,0.666666666666667,0.571428571428572,0.316227766016838
3,9,"SVM",83,9,18,0.7,0.555555555555556,0.5,0.6,0.5,0.5,0.1
3,9,"XGBoost",83,9,18,0.9,0.777777777777778,0.75,0.8,0.75,0.75,0.55
3,10,"BinaryLogistic",83,9,20,0.575,0.555555555555556,0.4,0.75,0.666666666666667,0.5,0.158113883008419
3,10,"RandomForest",83,9,20,0.6,0.555555555555556,0.4,0.75,0.666666666666667,0.5,0.158113883008419
3,10,"SVM",83,9,20,0.75,0.555555555555556,0.4,0.75,0.666666666666667,0.5,0.158113883008419
3,10,"XGBoost",83,9,20,0.65,0.555555555555556,0.4,0.75,0.666666666666667,0.5,0.158113883008419
4,1,"BinaryLogistic",82,10,20,0.52,0.4,0.4,0.4,0.4,0.4,-0.2
4,1,"RandomForest",82,10,20,0.84,0.7,0.4,1,1,0.571428571428572,0.5
4,1,"SVM",82,10,20,0.6,0.7,0.4,1,1,0.571428571428572,0.5
4,1,"XGBoost",82,10,20,0.64,0.8,0.6,1,1,0.75,0.654653670707977
4,2,"BinaryLogistic",83,9,18,0.7,0.666666666666667,1,0.4,0.571428571428571,0.727272727272727,0.478091443733757
4,2,"RandomForest",83,9,18,0.85,0.666666666666667,0.5,0.8,0.666666666666667,0.571428571428572,0.316227766016838
4,2,"SVM",83,9,18,0.7,0.444444444444444,0.25,0.6,0.333333333333333,0.285714285714286,-0.158113883008419
4,2,"XGBoost",83,9,18,0.6,0.555555555555556,0.25,0.8,0.5,0.333333333333333,0.0597614304667197
4,3,"BinaryLogistic",83,9,16,0.85,0.777777777777778,0.75,0.8,0.75,0.75,0.55
4,3,"RandomForest",83,9,16,0.75,0.777777777777778,0.75,0.8,0.75,0.75,0.55
4,3,"SVM",83,9,16,0.7,0.666666666666667,0.75,0.6,0.6,0.666666666666667,0.35
4,3,"XGBoost",83,9,16,0.5,0.333333333333333,0.25,0.4,0.25,0.25,-0.35
4,4,"BinaryLogistic",83,9,15,0.8,0.666666666666667,0.75,0.6,0.6,0.666666666666667,0.35
4,4,"RandomForest",83,9,15,0.75,0.666666666666667,0.75,0.6,0.6,0.666666666666667,0.35
4,4,"SVM",83,9,15,0.5,0.555555555555556,0.75,0.4,0.5,0.6,0.158113883008419
4,4,"XGBoost",83,9,15,0.8,0.777777777777778,0.75,0.8,0.75,0.75,0.55
4,5,"BinaryLogistic",82,10,12,0.92,0.8,0.8,0.8,0.8,0.8,0.6
4,5,"RandomForest",82,10,12,0.8,0.7,0.6,0.8,0.75,0.666666666666667,0.408248290463863
4,5,"SVM",82,10,12,0.84,0.8,0.8,0.8,0.8,0.8,0.6
4,5,"XGBoost",82,10,12,0.88,0.7,0.8,0.6,0.666666666666667,0.727272727272727,0.408248290463863
4,6,"BinaryLogistic",84,8,19,0.75,0.75,0.5,1,1,0.666666666666667,0.577350269189626
4,6,"RandomForest",84,8,19,1,0.75,0.5,1,1,0.666666666666667,0.577350269189626
4,6,"SVM",84,8,19,0.9375,0.875,0.75,1,1,0.857142857142857,0.774596669241483
4,6,"XGBoost",84,8,19,0.75,0.75,0.5,1,1,0.666666666666667,0.577350269189626
4,7,"BinaryLogistic",83,9,16,1,0.555555555555556,1,0.2,0.5,0.666666666666667,0.316227766016838
4,7,"RandomForest",83,9,16,0.85,0.777777777777778,1,0.6,0.666666666666667,0.8,0.632455532033676
4,7,"SVM",83,9,16,0.45,0.333333333333333,0.5,0.2,0.333333333333333,0.4,-0.316227766016838
4,7,"XGBoost",83,9,16,0.65,0.555555555555556,0.75,0.4,0.5,0.6,0.158113883008419
4,8,"BinaryLogistic",83,9,18,0.65,0.666666666666667,0.5,0.8,0.666666666666667,0.571428571428572,0.316227766016838
4,8,"RandomForest",83,9,18,0.8,0.666666666666667,0.25,1,1,0.4,0.395284707521047
4,8,"SVM",83,9,18,0.85,0.777777777777778,0.75,0.8,0.75,0.75,0.55
4,8,"XGBoost",83,9,18,0.5,0.666666666666667,0.5,0.8,0.666666666666667,0.571428571428572,0.316227766016838
4,9,"BinaryLogistic",83,9,18,0.75,0.777777777777778,0.5,1,1,0.666666666666667,0.597614304667197
4,9,"RandomForest",83,9,18,0.8,0.777777777777778,0.5,1,1,0.666666666666667,0.597614304667197
4,9,"SVM",83,9,18,0.75,0.555555555555556,0.5,0.6,0.5,0.5,0.1
4,9,"XGBoost",83,9,18,0.9,0.777777777777778,0.5,1,1,0.666666666666667,0.597614304667197
4,10,"BinaryLogistic",82,10,23,0.6,0.6,0.4,0.8,0.666666666666667,0.5,0.218217890235992
4,10,"RandomForest",82,10,23,0.64,0.6,0.4,0.8,0.666666666666667,0.5,0.218217890235992
4,10,"SVM",82,10,23,0.52,0.5,0.4,0.6,0.5,0.444444444444444,0
4,10,"XGBoost",82,10,23,0.52,0.6,0.6,0.6,0.6,0.6,0.2
5,1,"BinaryLogistic",83,9,17,0.8,0.777777777777778,1,0.6,0.666666666666667,0.8,0.632455532033676
5,1,"RandomForest",83,9,17,0.9,0.888888888888889,0.75,1,1,0.857142857142857,0.790569415042095
5,1,"SVM",83,9,17,0.8,0.666666666666667,0.5,0.8,0.666666666666667,0.571428571428572,0.316227766016838
5,1,"XGBoost",83,9,17,0.75,0.777777777777778,0.5,1,1,0.666666666666667,0.597614304667197
5,2,"BinaryLogistic",82,10,18,0.8,0.8,0.8,0.8,0.8,0.8,0.6
5,2,"RandomForest",82,10,18,1,0.9,0.8,1,1,0.888888888888889,0.816496580927726
5,2,"SVM",82,10,18,1,1,1,1,1,1,1
5,2,"XGBoost",82,10,18,0.92,0.8,0.6,1,1,0.75,0.654653670707977
5,3,"BinaryLogistic",84,8,19,0.53125,0.5,0.5,0.5,0.5,0.5,0
5,3,"RandomForest",84,8,19,0.75,0.5,0.75,0.25,0.5,0.6,0
5,3,"SVM",84,8,19,0.5625,0.375,0.25,0.5,0.333333333333333,0.285714285714286,-0.258198889747161
5,3,"XGBoost",84,8,19,0.5625,0.375,0.75,0,0.428571428571429,0.545454545454545,-0.377964473009227
5,4,"BinaryLogistic",83,9,18,0.775,0.777777777777778,0.75,0.8,0.75,0.75,0.55
5,4,"RandomForest",83,9,18,0.5,0.444444444444444,0.25,0.6,0.333333333333333,0.285714285714286,-0.158113883008419
5,4,"SVM",83,9,18,0.85,0.777777777777778,0.75,0.8,0.75,0.75,0.55
5,4,"XGBoost",83,9,18,0.7,0.666666666666667,0.5,0.8,0.666666666666667,0.571428571428572,0.316227766016838
5,5,"BinaryLogistic",83,9,20,0.65,0.666666666666667,0.5,0.8,0.666666666666667,0.571428571428572,0.316227766016838
5,5,"RandomForest",83,9,20,0.55,0.666666666666667,0.25,1,1,0.4,0.395284707521047
5,5,"SVM",83,9,20,0.6,0.666666666666667,0.25,1,1,0.4,0.395284707521047
5,5,"XGBoost",83,9,20,0.45,0.444444444444444,0.25,0.6,0.333333333333333,0.285714285714286,-0.158113883008419
5,6,"BinaryLogistic",82,10,18,0.84,0.6,0.4,0.8,0.666666666666667,0.5,0.218217890235992
5,6,"RandomForest",82,10,18,0.72,0.7,0.4,1,1,0.571428571428572,0.5
5,6,"SVM",82,10,18,0.76,0.7,0.6,0.8,0.75,0.666666666666667,0.408248290463863
5,6,"XGBoost",82,10,18,0.84,0.6,0.4,0.8,0.666666666666667,0.5,0.218217890235992
5,7,"BinaryLogistic",83,9,16,1,1,1,1,1,1,1
5,7,"RandomForest",83,9,16,0.95,0.888888888888889,0.75,1,1,0.857142857142857,0.790569415042095
5,7,"SVM",83,9,16,1,1,1,1,1,1,1
5,7,"XGBoost",83,9,16,0.8,0.777777777777778,0.75,0.8,0.75,0.75,0.55
5,8,"BinaryLogistic",83,9,13,0.425,0.444444444444444,0.25,0.6,0.333333333333333,0.285714285714286,-0.158113883008419
5,8,"RandomForest",83,9,13,0.8,0.777777777777778,0.5,1,1,0.666666666666667,0.597614304667197
5,8,"SVM",83,9,13,0.75,0.777777777777778,0.75,0.8,0.75,0.75,0.55
5,8,"XGBoost",83,9,13,0.85,0.777777777777778,0.75,0.8,0.75,0.75,0.55
5,9,"BinaryLogistic",83,9,14,0.75,0.888888888888889,0.75,1,1,0.857142857142857,0.790569415042095
5,9,"RandomForest",83,9,14,0.85,0.777777777777778,0.75,0.8,0.75,0.75,0.55
5,9,"SVM",83,9,14,0.65,0.666666666666667,0.75,0.6,0.6,0.666666666666667,0.35
5,9,"XGBoost",83,9,14,0.65,0.777777777777778,0.75,0.8,0.75,0.75,0.55
5,10,"BinaryLogistic",82,10,16,0.8,0.8,0.6,1,1,0.75,0.654653670707977
5,10,"RandomForest",82,10,16,0.96,0.8,0.8,0.8,0.8,0.8,0.6
5,10,"SVM",82,10,16,0.8,0.8,0.8,0.8,0.8,0.8,0.6
5,10,"XGBoost",82,10,16,0.96,0.9,0.8,1,1,0.888888888888889,0.816496580927726
